GROUP,PACKAGE,CLASS,INSTRUCTION_MISSED,INSTRUCTION_COVERED,BRANCH_MISSED,BRANCH_COVERED,LINE_MISSED,LINE_COVERED,COMPLEXITY_MISSED,COMPLEXITY_COVERED,METHOD_MISSED,METHOD_COVERED
Apache Commons Imaging,org.apache.commons.imaging.formats.psd.dataparsers,DataParserLab,37,5,0,0,6,2,1,2,1,2
Apache Commons Imaging,org.apache.commons.imaging.formats.psd.dataparsers,DataParserGrayscale,32,5,0,0,3,2,1,2,1,2
Apache Commons Imaging,org.apache.commons.imaging.formats.psd.dataparsers,DataParserCmyk,62,5,0,0,9,2,1,2,1,2
Apache Commons Imaging,org.apache.commons.imaging.formats.psd.dataparsers,DataParserRgb,0,57,0,0,0,7,0,3,0,3
Apache Commons Imaging,org.apache.commons.imaging.formats.psd.dataparsers,DataParserStub,7,0,0,0,3,0,3,0,3,0
Apache Commons Imaging,org.apache.commons.imaging.formats.psd.dataparsers,DataParser,0,46,0,4,0,10,0,4,0,2
Apache Commons Imaging,org.apache.commons.imaging.formats.psd.dataparsers,DataParserBitmap,44,0,2,0,8,0,4,0,3,0
Apache Commons Imaging,org.apache.commons.imaging.formats.psd.dataparsers,DataParserIndexed,69,6,0,0,10,2,3,1,3,1
Apache Commons Imaging,org.apache.commons.imaging.common,AllocationRequestException,26,33,0,0,8,7,4,3,4,3
Apache Commons Imaging,org.apache.commons.imaging.common,ZlibDeflate,14,37,0,0,4,10,0,2,0,2
Apache Commons Imaging,org.apache.commons.imaging.common,XmpImagingParameters,7,6,0,0,2,2,1,2,1,2
Apache Commons Imaging,org.apache.commons.imaging.common,BinaryConstant,21,43,4,2,7,9,4,6,2,5
Apache Commons Imaging,org.apache.commons.imaging.common,GenericImageMetadata,0,81,0,6,0,18,0,10,0,7
Apache Commons Imaging,org.apache.commons.imaging.common,BasicCParser,446,465,94,111,120,124,76,46,3,6
Apache Commons Imaging,org.apache.commons.imaging.common,BinaryFunctions,234,555,22,48,36,98,24,39,5,23
Apache Commons Imaging,org.apache.commons.imaging.common,GenericImageMetadata.GenericImageMetadataItem,6,40,1,1,2,9,2,4,1,4
Apache Commons Imaging,org.apache.commons.imaging.common,RationalNumber.Option,4,19,0,0,1,5,1,2,1,2
Apache Commons Imaging,org.apache.commons.imaging.common,PackBits,35,254,6,36,2,62,5,20,0,4
Apache Commons Imaging,org.apache.commons.imaging.common,Allocator,31,105,1,3,6,25,2,17,1,16
Apache Commons Imaging,org.apache.commons.imaging.common,ImageBuilder,5,357,3,25,1,66,3,23,0,12
Apache Commons Imaging,org.apache.commons.imaging.common,RgbBufferedImageFactory,7,18,0,2,1,4,0,4,0,3
Apache Commons Imaging,org.apache.commons.imaging.common,BinaryOutputStream,6,34,1,3,1,10,1,5,0,4
Apache Commons Imaging,org.apache.commons.imaging.common,BinaryFileParser,104,27,4,0,21,10,4,5,2,5
Apache Commons Imaging,org.apache.commons.imaging.common,ByteConversions,65,1741,4,34,10,210,6,68,4,51
Apache Commons Imaging,org.apache.commons.imaging.common,LittleEndianBinaryOutputStream,0,64,0,0,0,14,0,4,0,4
Apache Commons Imaging,org.apache.commons.imaging.common,RationalNumber,78,479,17,53,9,88,17,31,1,12
Apache Commons Imaging,org.apache.commons.imaging.common,BigEndianBinaryOutputStream,20,44,0,0,4,10,1,3,1,3
Apache Commons Imaging,org.apache.commons.imaging.common,SimpleBufferedImageFactory,0,35,0,4,0,7,0,5,0,3
Apache Commons Imaging,org.apache.commons.imaging.formats.pcx,PcxImageParser,194,963,26,66,24,128,26,40,4,16
Apache Commons Imaging,org.apache.commons.imaging.formats.pcx,PcxImagingParameters,21,21,0,0,6,7,3,4,3,4
Apache Commons Imaging,org.apache.commons.imaging.formats.pcx,RleWriter,85,20,18,2,12,9,10,3,0,3
Apache Commons Imaging,org.apache.commons.imaging.formats.pcx,PcxImageParser.PcxHeader,240,54,4,0,25,19,3,1,1,1
Apache Commons Imaging,org.apache.commons.imaging.formats.pcx,RleReader,0,117,0,10,0,25,0,7,0,2
Apache Commons Imaging,org.apache.commons.imaging.formats.pcx,PcxWriter,383,652,51,81,51,117,40,30,1,3
Apache Commons Imaging,org.apache.commons.imaging.formats.webp,WebPConstants,0,45,0,0,0,2,0,1,0,1
Apache Commons Imaging,org.apache.commons.imaging.formats.webp,WebPChunkType,0,145,0,8,0,21,0,8,0,4
Apache Commons Imaging,org.apache.commons.imaging.formats.webp,WebPImageParser.ChunksReader,22,208,3,27,3,39,3,17,0,5
Apache Commons Imaging,org.apache.commons.imaging.formats.webp,WebPImageMetadata,0,27,1,1,0,8,1,3,0,3
Apache Commons Imaging,org.apache.commons.imaging.formats.webp,WebPImageParser,75,387,13,33,9,85,13,25,0,15
Apache Commons Imaging,org.apache.commons.imaging.formats.webp,WebPImagingParameters,0,3,0,0,0,1,0,1,0,1
Apache Commons Imaging,org.apache.commons.imaging.formats.jpeg.iptc,IptcTypes.new IptcType() {...},12,11,0,0,1,3,1,3,1,3
Apache Commons Imaging,org.apache.commons.imaging.formats.jpeg.iptc,IptcTypes,15,481,0,0,1,26,1,5,1,5
Apache Commons Imaging,org.apache.commons.imaging.formats.jpeg.iptc,JpegIptcRewriter,60,191,3,5,18,45,9,8,6,7
Apache Commons Imaging,org.apache.commons.imaging.formats.jpeg.iptc,IptcTypeLookup,0,41,0,4,0,6,0,4,0,2
Apache Commons Imaging,org.apache.commons.imaging.formats.jpeg.iptc,IptcBlock,0,39,0,2,0,9,0,6,0,5
Apache Commons Imaging,org.apache.commons.imaging.formats.jpeg.iptc,PhotoshopApp13Data,4,52,2,6,0,12,2,6,0,4
Apache Commons Imaging,org.apache.commons.imaging.formats.jpeg.iptc,IptcRecord,0,24,0,0,0,7,0,5,0,5
Apache Commons Imaging,org.apache.commons.imaging.formats.jpeg.iptc,IptcParser,185,692,35,57,40,142,30,27,0,11
Apache Commons Imaging,org.apache.commons.imaging.formats.dcx,DcxImageParser,23,182,4,10,6,41,7,16,3,13
Apache Commons Imaging,org.apache.commons.imaging.formats.dcx,DcxImageParser.DcxHeader,30,9,0,0,5,4,1,1,1,1
Apache Commons Imaging,org.apache.commons.imaging.formats.png.chunks,PngChunkGama,0,28,0,0,0,5,0,2,0,2
Apache Commons Imaging,org.apache.commons.imaging.formats.png.chunks,PngChunkText,22,61,1,1,2,11,1,5,0,5
Apache Commons Imaging,org.apache.commons.imaging.formats.png.chunks,PngChunkItxt,27,151,2,10,3,26,3,8,1,4
Apache Commons Imaging,org.apache.commons.imaging.formats.png.chunks,PngChunkPlte,29,122,3,5,3,15,4,5,1,4
Apache Commons Imaging,org.apache.commons.imaging.formats.png.chunks,AbstractPngTextChunk,0,7,0,0,0,2,0,1,0,1
Apache Commons Imaging,org.apache.commons.imaging.formats.png.chunks,PngChunkIhdr,15,104,2,4,2,21,3,8,1,7
Apache Commons Imaging,org.apache.commons.imaging.formats.png.chunks,PngChunkScal,0,106,0,6,0,20,0,8,0,5
Apache Commons Imaging,org.apache.commons.imaging.formats.png.chunks,PngChunk,29,87,0,4,8,19,8,5,8,3
Apache Commons Imaging,org.apache.commons.imaging.formats.png.chunks,PngChunkIdat,0,7,0,0,0,2,0,1,0,1
Apache Commons Imaging,org.apache.commons.imaging.formats.png.chunks,PngChunkPhys,0,43,0,0,0,9,0,4,0,4
Apache Commons Imaging,org.apache.commons.imaging.formats.png.chunks,PngChunkIccp,77,82,2,2,9,14,5,3,3,3
Apache Commons Imaging,org.apache.commons.imaging.formats.png.chunks,PngChunkZtxt,12,70,1,1,1,14,1,4,0,4
Apache Commons Imaging,org.apache.commons.imaging.formats.tiff.itu_t4,T4_T6_Tables.Entry,0,33,0,4,0,9,0,4,0,2
Apache Commons Imaging,org.apache.commons.imaging.formats.tiff.itu_t4,T4_T6_Tables,3,1678,0,0,1,22,1,1,1,1
Apache Commons Imaging,org.apache.commons.imaging.formats.tiff.itu_t4,BitArrayOutputStream,9,128,1,11,4,34,2,14,1,9
Apache Commons Imaging,org.apache.commons.imaging.formats.tiff.itu_t4,HuffmanTree.Node,0,6,0,0,0,2,0,1,0,1
Apache Commons Imaging,org.apache.commons.imaging.formats.tiff.itu_t4,BitInputStreamFlexible,55,103,7,9,12,23,7,6,2,3
Apache Commons Imaging,org.apache.commons.imaging.formats.tiff.itu_t4,HuffmanTree,27,130,4,14,6,32,4,9,0,4
Apache Commons Imaging,org.apache.commons.imaging.formats.tiff.itu_t4,T4AndT6Compression,257,1526,33,178,51,364,24,102,1,17
Apache Commons Imaging,org.apache.commons.imaging.formats.jpeg.exif,ExifRewriter,77,312,4,22,23,83,11,19,7,10
Apache Commons Imaging,org.apache.commons.imaging.formats.jpeg.exif,ExifRewriter.new JpegUtils.Visitor() {...},0,63,0,4,0,10,0,6,0,4
Apache Commons Imaging,org.apache.commons.imaging.formats.jpeg.exif,ExifRewriter.JFIFPieceSegmentExif,0,7,0,0,0,2,0,1,0,1
Apache Commons Imaging,org.apache.commons.imaging.formats.jpeg.exif,ExifRewriter.JFIFPieceImageData,0,19,0,0,0,7,0,2,0,2
Apache Commons Imaging,org.apache.commons.imaging.formats.jpeg.exif,ExifRewriter.JFIFPieceSegment,0,29,0,0,0,10,0,2,0,2
Apache Commons Imaging,org.apache.commons.imaging.formats.jpeg.exif,ExifRewriter.JFIFPieces,0,9,0,0,0,4,0,1,0,1
Apache Commons Imaging,org.apache.commons.imaging.formats.tiff.taginfos,TagInfoLongOrIfd,16,9,0,0,4,2,3,1,3,1
Apache Commons Imaging,org.apache.commons.imaging.formats.tiff.taginfos,TagInfoSLong,4,12,0,0,1,3,1,2,1,2
Apache Commons Imaging,org.apache.commons.imaging.formats.tiff.taginfos,TagInfoShortOrLong,0,26,0,0,0,6,0,4,0,4
Apache Commons Imaging,org.apache.commons.imaging.formats.tiff.taginfos,TagInfoAny,0,8,0,0,0,2,0,1,0,1
Apache Commons Imaging,org.apache.commons.imaging.formats.tiff.taginfos,TagInfo,22,122,0,0,4,20,2,10,2,10
Apache Commons Imaging,org.apache.commons.imaging.formats.tiff.taginfos,TagInfoSShorts,4,12,0,0,1,3,1,2,1,2
Apache Commons Imaging,org.apache.commons.imaging.formats.tiff.taginfos,TagInfoUnknowns,0,8,0,0,0,2,0,1,0,1
Apache Commons Imaging,org.apache.commons.imaging.formats.tiff.taginfos,TagInfoRational,0,17,0,0,0,4,0,3,0,3
Apache Commons Imaging,org.apache.commons.imaging.formats.tiff.taginfos,TagInfoGpsText,148,357,15,9,27,32,11,6,0,5
Apache Commons Imaging,org.apache.commons.imaging.formats.tiff.taginfos,TagInfoSRational,0,17,0,0,0,4,0,3,0,3
Apache Commons Imaging,org.apache.commons.imaging.formats.tiff.taginfos,TagInfoUndefined,0,7,0,0,0,2,0,1,0,1
Apache Commons Imaging,org.apache.commons.imaging.formats.tiff.taginfos,TagInfoLong,0,34,0,0,0,8,0,5,0,5
Apache Commons Imaging,org.apache.commons.imaging.formats.tiff.taginfos,TagInfoSRationals,9,8,0,0,2,2,2,1,2,1
Apache Commons Imaging,org.apache.commons.imaging.formats.tiff.taginfos,TagInfoGpsText.TextEncoding,0,9,0,0,0,4,0,1,0,1
Apache Commons Imaging,org.apache.commons.imaging.formats.tiff.taginfos,TagInfoSByte,0,15,0,0,0,3,0,2,0,2
Apache Commons Imaging,org.apache.commons.imaging.formats.tiff.taginfos,TagInfoShortOrRational,8,9,0,0,2,2,2,1,2,1
Apache Commons Imaging,org.apache.commons.imaging.formats.tiff.taginfos,TagInfoShortOrLongOrRational,12,8,0,0,3,2,3,1,3,1
Apache Commons Imaging,org.apache.commons.imaging.formats.tiff.taginfos,TagInfoAsciiOrByte,0,9,0,0,0,2,0,1,0,1
Apache Commons Imaging,org.apache.commons.imaging.formats.tiff.taginfos,TagInfoXpString,14,64,5,5,3,11,5,3,0,3
Apache Commons Imaging,org.apache.commons.imaging.formats.tiff.taginfos,TagInfoSBytes,0,10,0,0,0,3,0,2,0,2
Apache Commons Imaging,org.apache.commons.imaging.formats.tiff.taginfos,TagInfoBytes,0,26,0,0,0,7,0,4,0,4
Apache Commons Imaging,org.apache.commons.imaging.formats.tiff.taginfos,TagInfoDouble,8,8,0,0,2,2,2,1,2,1
Apache Commons Imaging,org.apache.commons.imaging.formats.tiff.taginfos,TagInfoSShort,0,16,0,0,0,4,0,3,0,3
Apache Commons Imaging,org.apache.commons.imaging.formats.tiff.taginfos,TagInfoByteOrShort,0,14,0,0,0,4,0,3,0,3
Apache Commons Imaging,org.apache.commons.imaging.formats.tiff.taginfos,TagInfoDoubles,0,16,0,0,0,4,0,3,0,3
Apache Commons Imaging,org.apache.commons.imaging.formats.tiff.taginfos,TagInfoByte,0,31,0,0,0,7,0,4,0,4
Apache Commons Imaging,org.apache.commons.imaging.formats.tiff.taginfos,TagInfoUndefineds,0,8,0,0,0,2,0,1,0,1
Apache Commons Imaging,org.apache.commons.imaging.formats.tiff.taginfos,TagInfoDirectory,0,23,0,0,0,3,0,2,0,2
Apache Commons Imaging,org.apache.commons.imaging.formats.tiff.taginfos,TagInfoAscii,17,85,2,8,3,17,2,7,0,4
Apache Commons Imaging,org.apache.commons.imaging.formats.tiff.taginfos,TagInfoUnknown,0,7,0,0,0,2,0,1,0,1
Apache Commons Imaging,org.apache.commons.imaging.formats.tiff.taginfos,TagInfoShort,0,16,0,0,0,4,0,3,0,3
Apache Commons Imaging,org.apache.commons.imaging.formats.tiff.taginfos,TagInfoSLongs,16,0,0,0,4,0,3,0,3,0
Apache Commons Imaging,org.apache.commons.imaging.formats.tiff.taginfos,TagInfoFloats,8,8,0,0,2,2,2,1,2,1
Apache Commons Imaging,org.apache.commons.imaging.formats.tiff.taginfos,TagInfoLongs,8,17,0,0,2,4,2,2,2,2
Apache Commons Imaging,org.apache.commons.imaging.formats.tiff.taginfos,TagInfoShorts,0,16,0,0,0,4,0,3,0,3
Apache Commons Imaging,org.apache.commons.imaging.formats.tiff.taginfos,TagInfoFloat,0,16,0,0,0,4,0,3,0,3
Apache Commons Imaging,org.apache.commons.imaging.formats.tiff.taginfos,TagInfoRationals,0,17,0,0,0,4,0,3,0,3
Apache Commons Imaging,org.apache.commons.imaging.formats.tiff.taginfos,TagInfoAsciiOrRational,0,9,0,0,0,2,0,1,0,1
Apache Commons Imaging,org.apache.commons.imaging.formats.wbmp,WbmpImageParser.WbmpHeader,51,15,0,0,6,6,1,1,1,1
Apache Commons Imaging,org.apache.commons.imaging.formats.wbmp,WbmpImageParser,43,343,5,19,7,71,8,23,3,16
Apache Commons Imaging,org.apache.commons.imaging.formats.wbmp,WbmpImagingParameters,0,3,0,0,0,1,0,1,0,1
Apache Commons Imaging,org.apache.commons.imaging.formats.webp.chunks,WebPChunkVp8,20,184,6,6,4,31,6,7,0,7
Apache Commons Imaging,org.apache.commons.imaging.formats.webp.chunks,WebPChunkExif,0,36,0,2,0,8,0,3,0,2
Apache Commons Imaging,org.apache.commons.imaging.formats.webp.chunks,WebPChunkXml,0,16,0,0,0,4,0,2,0,2
Apache Commons Imaging,org.apache.commons.imaging.formats.webp.chunks,WebPChunkAlph,6,0,0,0,2,0,1,0,1,0
Apache Commons Imaging,org.apache.commons.imaging.formats.webp.chunks,WebPChunkVp8l,10,158,3,5,2,22,3,7,0,6
Apache Commons Imaging,org.apache.commons.imaging.formats.webp.chunks,WebPChunkVp8x,12,217,3,11,2,28,3,13,0,9
Apache Commons Imaging,org.apache.commons.imaging.formats.webp.chunks,WebPChunkAnmf,0,6,0,0,0,2,0,1,0,1
Apache Commons Imaging,org.apache.commons.imaging.formats.webp.chunks,WebPChunkIccp,6,0,0,0,2,0,1,0,1,0
Apache Commons Imaging,org.apache.commons.imaging.formats.webp.chunks,WebPChunkAnim,0,6,0,0,0,2,0,1,0,1
Apache Commons Imaging,org.apache.commons.imaging.formats.webp.chunks,WebPChunk,1,142,1,5,0,17,1,9,0,7
Apache Commons Imaging,org.apache.commons.imaging.formats.webp.chunks,WebPChunkXyzw,0,6,0,0,0,2,0,1,0,1
Apache Commons Imaging,org.apache.commons.imaging.mylzw,MyLzwCompressor.ByteArray,4,90,2,10,2,20,2,7,0,3
Apache Commons Imaging,org.apache.commons.imaging.mylzw,MyLzwCompressor,5,360,2,28,1,87,2,29,0,16
Apache Commons Imaging,org.apache.commons.imaging.mylzw,MyBitOutputStream,15,150,2,10,3,34,3,9,2,4
Apache Commons Imaging,org.apache.commons.imaging.mylzw,BitsToByteInputStream,19,41,2,4,3,11,3,4,1,3
Apache Commons Imaging,org.apache.commons.imaging.mylzw,MyBitInputStream,21,114,3,7,8,24,5,5,3,2
Apache Commons Imaging,org.apache.commons.imaging.mylzw,MyLzwDecompressor,30,340,4,30,3,75,4,27,0,14
Apache Commons Imaging,org.apache.commons.imaging.bytesource,InputStreamByteSource.BlockInputStream,103,163,27,25,27,29,20,10,1,3
Apache Commons Imaging,org.apache.commons.imaging.bytesource,ByteSource,18,94,1,1,2,20,2,11,1,11
Apache Commons Imaging,org.apache.commons.imaging.bytesource,InputStreamByteSource.Block,0,32,0,4,0,10,0,4,0,2
Apache Commons Imaging,org.apache.commons.imaging.bytesource,InputStreamByteSource,28,151,5,17,2,33,5,12,0,6
Apache Commons Imaging,org.apache.commons.imaging.formats.tiff.datareaders,DataReaderTiled,18,975,10,69,2,165,10,36,0,6
Apache Commons Imaging,org.apache.commons.imaging.formats.tiff.datareaders,ImageDataReader,171,1441,33,147,28,251,30,74,0,11
Apache Commons Imaging,org.apache.commons.imaging.formats.tiff.datareaders,DataInterpreterJpeg,11,131,6,12,3,24,7,4,1,1
Apache Commons Imaging,org.apache.commons.imaging.formats.tiff.datareaders,BitInputStream,207,69,22,8,29,19,20,5,2,3
Apache Commons Imaging,org.apache.commons.imaging.formats.tiff.datareaders,DataReaderStrips,24,1051,8,81,4,176,8,43,0,6
Apache Commons Imaging,org.apache.commons.imaging.formats.ico,IcoImageParser.BitmapHeader,125,36,0,0,13,13,1,1,1,1
Apache Commons Imaging,org.apache.commons.imaging.formats.ico,IcoImageParser.BitmapIconData,10,13,0,0,4,5,1,2,1,2
Apache Commons Imaging,org.apache.commons.imaging.formats.ico,IcoImageParser.IconData,10,6,0,0,4,3,1,1,1,1
Apache Commons Imaging,org.apache.commons.imaging.formats.ico,IcoImageParser.PngIconData,16,0,0,0,7,0,3,0,3,0
Apache Commons Imaging,org.apache.commons.imaging.formats.ico,IcoImagingParameters,0,3,0,0,0,1,0,1,0,1
Apache Commons Imaging,org.apache.commons.imaging.formats.ico,IcoImageParser.ImageContents,0,9,0,0,0,4,0,1,0,1
Apache Commons Imaging,org.apache.commons.imaging.formats.ico,IcoImageParser.IconInfo,92,27,0,0,10,10,1,1,1,1
Apache Commons Imaging,org.apache.commons.imaging.formats.ico,IcoImageParser,158,1096,32,88,29,232,30,52,4,18
Apache Commons Imaging,org.apache.commons.imaging.formats.ico,IcoImageParser.FileHeader,39,12,0,0,6,5,1,1,1,1
Apache Commons Imaging,org.apache.commons.imaging.formats.jpeg.xmp,JpegRewriter.JFIFPiece,13,3,0,0,1,1,1,1,1,1
Apache Commons Imaging,org.apache.commons.imaging.formats.jpeg.xmp,JpegRewriter.JFIFPieceSegment,42,95,7,11,7,24,7,12,3,7
Apache Commons Imaging,org.apache.commons.imaging.formats.jpeg.xmp,JpegRewriter.JFIFPieceImageData,0,18,0,0,0,7,0,2,0,2
Apache Commons Imaging,org.apache.commons.imaging.formats.jpeg.xmp,JpegXmpRewriter,45,101,0,2,15,28,5,6,5,5
Apache Commons Imaging,org.apache.commons.imaging.formats.jpeg.xmp,JpegRewriter,69,166,13,17,17,42,9,18,2,10
Apache Commons Imaging,org.apache.commons.imaging.formats.jpeg.xmp,JpegRewriter.JFIFPieces,0,9,0,0,0,4,0,1,0,1
Apache Commons Imaging,org.apache.commons.imaging.formats.jpeg.xmp,JpegXmpParser,0,31,0,2,0,7,0,4,0,3
Apache Commons Imaging,org.apache.commons.imaging.formats.jpeg.xmp,JpegRewriter.new JpegUtils.Visitor() {...},0,44,0,0,0,8,0,4,0,4
Apache Commons Imaging,org.apache.commons.imaging.formats.rgbe,RgbeImagingParameters,0,3,0,0,0,1,0,1,0,1
Apache Commons Imaging,org.apache.commons.imaging.formats.rgbe,RgbeImageParser,7,126,0,0,2,17,2,9,2,9
Apache Commons Imaging,org.apache.commons.imaging.formats.rgbe,InfoHeaderReader,5,33,1,3,1,10,1,4,0,3
Apache Commons Imaging,org.apache.commons.imaging.formats.rgbe,RgbeInfo,47,384,8,30,5,79,7,22,0,10
Apache Commons Imaging,org.apache.commons.imaging.formats.tiff,TiffField,618,658,57,81,120,152,51,59,15,26
Apache Commons Imaging,org.apache.commons.imaging.formats.tiff,AbstractTiffImageData.Tiles,6,41,0,0,2,9,2,4,2,4
Apache Commons Imaging,org.apache.commons.imaging.formats.tiff,AbstractTiffElement,0,16,0,0,0,5,0,3,0,3
Apache Commons Imaging,org.apache.commons.imaging.formats.tiff,AbstractTiffElement.Stub,24,5,0,0,1,2,1,1,1,1
Apache Commons Imaging,org.apache.commons.imaging.formats.tiff,AbstractTiffElement.DataElement,0,17,0,0,0,5,0,3,0,3
Apache Commons Imaging,org.apache.commons.imaging.formats.tiff,AbstractTiffImageData,0,19,1,3,0,5,1,3,0,2
Apache Commons Imaging,org.apache.commons.imaging.formats.tiff,TiffDirectory,1523,649,167,77,194,156,125,56,17,39
Apache Commons Imaging,org.apache.commons.imaging.formats.tiff,AbstractTiffImageData.Strips,0,45,0,0,0,10,0,6,0,6
Apache Commons Imaging,org.apache.commons.imaging.formats.tiff,TiffImageParser,411,1169,80,164,75,289,73,82,5,17
Apache Commons Imaging,org.apache.commons.imaging.formats.tiff,TiffRasterStatistics,0,116,1,13,0,35,1,14,0,8
Apache Commons Imaging,org.apache.commons.imaging.formats.tiff,TiffHeader,2,17,0,0,1,6,1,1,1,1
Apache Commons Imaging,org.apache.commons.imaging.formats.tiff,TiffImagingParameters,21,118,1,11,7,33,4,24,3,19
Apache Commons Imaging,org.apache.commons.imaging.formats.tiff,TiffRasterDataInt,0,199,2,8,0,44,2,20,0,17
Apache Commons Imaging,org.apache.commons.imaging.formats.tiff,TiffField.OversizeValueElement,19,9,0,0,1,3,1,1,1,1
Apache Commons Imaging,org.apache.commons.imaging.formats.tiff,TiffRasterDataType,0,15,0,0,0,3,0,1,0,1
Apache Commons Imaging,org.apache.commons.imaging.formats.tiff,TiffContents,185,14,22,0,39,5,14,1,3,1
Apache Commons Imaging,org.apache.commons.imaging.formats.tiff,TiffTags,4,244,2,28,2,58,2,21,0,8
Apache Commons Imaging,org.apache.commons.imaging.formats.tiff,TiffRasterData,0,118,4,14,0,19,4,10,0,5
Apache Commons Imaging,org.apache.commons.imaging.formats.tiff,JpegImageData,0,18,0,0,0,3,0,2,0,2
Apache Commons Imaging,org.apache.commons.imaging.formats.tiff,TiffRasterDataFloat,15,177,2,6,1,40,4,18,2,16
Apache Commons Imaging,org.apache.commons.imaging.formats.tiff,TiffImageMetadata.Directory,12,165,3,9,3,36,3,12,0,9
Apache Commons Imaging,org.apache.commons.imaging.formats.tiff,TiffReader,170,702,33,61,25,148,27,33,0,13
Apache Commons Imaging,org.apache.commons.imaging.formats.tiff,AbstractTiffImageData.Data,12,6,0,0,1,2,1,1,1,1
Apache Commons Imaging,org.apache.commons.imaging.formats.tiff,TiffImageMetadata.GpsInfo,176,0,8,0,25,0,8,0,4,0
Apache Commons Imaging,org.apache.commons.imaging.formats.tiff,TiffImageMetadata.TiffMetadataItem,0,13,0,0,0,4,0,2,0,2
Apache Commons Imaging,org.apache.commons.imaging.formats.tiff,TiffReader.FirstDirectoryCollector,0,15,0,0,0,6,0,3,0,3
Apache Commons Imaging,org.apache.commons.imaging.formats.tiff,TiffReader.Collector,0,57,0,0,0,16,0,8,0,8
Apache Commons Imaging,org.apache.commons.imaging.formats.tiff,TiffDirectory.ImageDataElement,2,5,0,0,1,2,1,1,1,1
Apache Commons Imaging,org.apache.commons.imaging.formats.tiff,TiffImageMetadata,427,223,84,24,115,58,59,18,13,10
Apache Commons Imaging,org.apache.commons.imaging.formats.tiff.write,TiffImageWriterLossless,35,592,9,57,10,131,10,31,1,7
Apache Commons Imaging,org.apache.commons.imaging.formats.tiff.write,ImageDataOffsets,0,34,0,0,0,6,0,3,0,3
Apache Commons Imaging,org.apache.commons.imaging.formats.tiff.write,TiffOutputDirectory,1198,759,93,51,145,169,80,51,25,34
Apache Commons Imaging,org.apache.commons.imaging.formats.tiff.write,AbstractTiffImageWriter,237,1209,46,140,43,269,42,68,0,12
Apache Commons Imaging,org.apache.commons.imaging.formats.tiff.write,TiffImageWriterLossless.BufferOutputStream,33,28,3,1,6,7,3,2,1,2
Apache Commons Imaging,org.apache.commons.imaging.formats.tiff.write,TiffOutputField,32,224,5,15,5,55,6,17,1,12
Apache Commons Imaging,org.apache.commons.imaging.formats.tiff.write,TiffOutputSummary.OffsetItem,0,9,0,0,0,4,0,1,0,1
Apache Commons Imaging,org.apache.commons.imaging.formats.tiff.write,AbstractTiffOutputItem.Value,22,33,1,1,2,10,2,4,1,4
Apache Commons Imaging,org.apache.commons.imaging.formats.tiff.write,TiffImageWriterLossy,0,98,0,6,0,29,0,8,0,5
Apache Commons Imaging,org.apache.commons.imaging.formats.tiff.write,TiffOutputSummary,0,105,0,6,0,22,0,7,0,4
Apache Commons Imaging,org.apache.commons.imaging.formats.tiff.write,AbstractTiffOutputItem,0,13,0,0,0,5,0,3,0,3
Apache Commons Imaging,org.apache.commons.imaging.formats.tiff.write,TiffOutputSet,190,353,11,19,40,87,16,27,9,19
Apache Commons Imaging,org.apache.commons.imaging.formats.jpeg.segments,App14Segment,0,32,0,0,0,8,0,5,0,5
Apache Commons Imaging,org.apache.commons.imaging.formats.jpeg.segments,AbstractSegment,107,38,43,4,38,10,41,3,1,3
Apache Commons Imaging,org.apache.commons.imaging.formats.jpeg.segments,SofnSegment.Component,0,15,0,0,0,6,0,1,0,1
Apache Commons Imaging,org.apache.commons.imaging.formats.jpeg.segments,UnknownSegment,18,5,0,0,3,2,2,1,2,1
Apache Commons Imaging,org.apache.commons.imaging.formats.jpeg.segments,SosSegment,10,130,1,3,1,22,1,8,0,7
Apache Commons Imaging,org.apache.commons.imaging.formats.jpeg.segments,App2Segment,5,97,2,6,1,22,3,7,1,5
Apache Commons Imaging,org.apache.commons.imaging.formats.jpeg.segments,GenericSegment,47,33,4,0,6,8,5,4,3,4
Apache Commons Imaging,org.apache.commons.imaging.formats.jpeg.segments,DqtSegment,40,72,3,5,5,17,3,4,1,2
Apache Commons Imaging,org.apache.commons.imaging.formats.jpeg.segments,SofnSegment,29,125,1,5,2,22,2,8,1,6
Apache Commons Imaging,org.apache.commons.imaging.formats.jpeg.segments,SosSegment.Component,0,12,0,0,0,5,0,1,0,1
Apache Commons Imaging,org.apache.commons.imaging.formats.jpeg.segments,JfifSegment,19,89,2,4,2,16,3,3,1,2
Apache Commons Imaging,org.apache.commons.imaging.formats.jpeg.segments,App13Segment,0,36,0,2,0,8,0,5,0,4
Apache Commons Imaging,org.apache.commons.imaging.formats.jpeg.segments,AppnSegment,0,25,0,0,0,3,0,2,0,2
Apache Commons Imaging,org.apache.commons.imaging.formats.jpeg.segments,DhtSegment,12,103,0,6,1,23,1,5,1,2
Apache Commons Imaging,org.apache.commons.imaging.formats.jpeg.segments,DhtSegment.HuffmanTable,1,181,1,15,1,54,1,12,0,5
Apache Commons Imaging,org.apache.commons.imaging.formats.jpeg.segments,DqtSegment.QuantizationTable,0,15,0,0,0,6,0,2,0,2
Apache Commons Imaging,org.apache.commons.imaging.formats.jpeg.segments,ComSegment,19,8,0,0,3,3,2,2,2,2
Apache Commons Imaging,org.apache.commons.imaging.formats.psd,PsdImageContents,117,23,0,0,19,8,2,2,2,2
Apache Commons Imaging,org.apache.commons.imaging.formats.psd,PsdImageParser,403,672,58,38,83,143,54,26,7,18
Apache Commons Imaging,org.apache.commons.imaging.formats.psd,ImageResourceType,0,755,0,6,0,15,0,7,0,4
Apache Commons Imaging,org.apache.commons.imaging.formats.psd,PsdHeaderInfo,172,31,0,0,23,10,3,2,3,2
Apache Commons Imaging,org.apache.commons.imaging.formats.psd,ImageResourceBlock,0,30,0,0,0,7,0,2,0,2
Apache Commons Imaging,org.apache.commons.imaging.formats.psd,PsdImagingParameters,3,0,0,0,1,0,1,0,1,0
Apache Commons Imaging,org.apache.commons.imaging.formats.xbm,XbmImageParser,145,695,35,59,31,139,33,34,3,17
Apache Commons Imaging,org.apache.commons.imaging.formats.xbm,XbmImagingParameters,0,3,0,0,0,1,0,1,0,1
Apache Commons Imaging,org.apache.commons.imaging.formats.xbm,XbmImageParser.XbmHeader,56,21,4,0,7,8,3,1,1,1
Apache Commons Imaging,org.apache.commons.imaging.formats.gif,GraphicControlExtension,0,19,0,0,0,7,0,1,0,1
Apache Commons Imaging,org.apache.commons.imaging.formats.gif,GenericGifBlock,0,44,0,6,0,11,0,6,0,3
Apache Commons Imaging,org.apache.commons.imaging.formats.gif,GifImagingParameters,12,7,3,1,3,2,4,2,2,2
Apache Commons Imaging,org.apache.commons.imaging.formats.gif,GifImageMetadata,103,29,4,0,12,9,3,5,1,5
Apache Commons Imaging,org.apache.commons.imaging.formats.gif,GifImageParser,438,2025,56,189,71,421,54,113,4,34
Apache Commons Imaging,org.apache.commons.imaging.formats.gif,GifHeaderInfo,0,48,0,0,0,17,0,1,0,1
Apache Commons Imaging,org.apache.commons.imaging.formats.gif,DisposalMethod,0,51,0,0,0,9,0,1,0,1
Apache Commons Imaging,org.apache.commons.imaging.formats.gif,GifImageContents,0,12,0,0,0,5,0,1,0,1
Apache Commons Imaging,org.apache.commons.imaging.formats.gif,GifImageMetadataItem,99,27,2,0,8,10,3,5,2,5
Apache Commons Imaging,org.apache.commons.imaging.formats.gif,GifImageData,0,9,0,0,0,4,0,1,0,1
Apache Commons Imaging,org.apache.commons.imaging.formats.gif,GifBlock,0,6,0,0,0,3,0,1,0,1
Apache Commons Imaging,org.apache.commons.imaging.formats.gif,ImageDescriptor,0,37,0,0,0,13,0,1,0,1
Apache Commons Imaging,org.apache.commons.imaging.formats.png.transparencyfilters,TransparencyFilterGrayscale,0,25,0,2,0,7,0,3,0,2
Apache Commons Imaging,org.apache.commons.imaging.formats.png.transparencyfilters,AbstractTransparencyFilter,0,17,0,0,0,5,0,3,0,3
Apache Commons Imaging,org.apache.commons.imaging.formats.png.transparencyfilters,TransparencyFilterIndexedColor,0,47,1,5,0,9,1,4,0,2
Apache Commons Imaging,org.apache.commons.imaging.formats.png.transparencyfilters,TransparencyFilterTrueColor,0,59,0,2,0,10,0,3,0,2
Apache Commons Imaging,org.apache.commons.imaging.internal,Debug,727,255,64,18,104,52,56,11,18,8
Apache Commons Imaging,org.apache.commons.imaging.internal,SafeOperations,5,12,2,2,1,2,2,1,0,1
Apache Commons Imaging,org.apache.commons.imaging.internal,ImageParserFactory,37,39,1,3,2,8,5,5,4,4
Apache Commons Imaging,org.apache.commons.imaging.color,ColorHunterLab,10,144,6,6,5,24,6,5,0,5
Apache Commons Imaging,org.apache.commons.imaging.color,ColorCmyk,12,202,7,7,6,31,7,5,0,5
Apache Commons Imaging,org.apache.commons.imaging.color,ColorConversions,214,1973,9,85,40,355,13,85,4,47
Apache Commons Imaging,org.apache.commons.imaging.color,ColorXyz,10,144,6,6,5,24,6,5,0,5
Apache Commons Imaging,org.apache.commons.imaging.color,ColorCieLuv,10,144,6,6,5,24,6,5,0,5
Apache Commons Imaging,org.apache.commons.imaging.color,ColorDin99Lab,106,12,12,0,19,5,9,1,3,1
Apache Commons Imaging,org.apache.commons.imaging.color,ColorHsl,8,146,5,7,4,25,5,6,0,5
Apache Commons Imaging,org.apache.commons.imaging.color,ColorCieLch,10,144,6,6,5,24,6,5,0,5
Apache Commons Imaging,org.apache.commons.imaging.color,ColorHsv,10,144,6,6,5,24,6,5,0,5
Apache Commons Imaging,org.apache.commons.imaging.color,ColorCieLab,10,144,6,6,5,24,6,5,0,5
Apache Commons Imaging,org.apache.commons.imaging.color,ColorCmy,8,167,5,7,4,28,5,6,0,5
Apache Commons Imaging,org.apache.commons.imaging.formats.bmp,BmpImageParser,540,1090,60,73,98,238,45,46,3,18
Apache Commons Imaging,org.apache.commons.imaging.formats.bmp,BmpHeaderInfo.ColorSpaceCoordinate,0,3,0,0,0,1,0,1,0,1
Apache Commons Imaging,org.apache.commons.imaging.formats.bmp,AbstractPixelParser,0,71,0,0,0,12,0,2,0,2
Apache Commons Imaging,org.apache.commons.imaging.formats.bmp,AbstractPixelParserSimple,0,36,0,4,0,8,0,4,0,2
Apache Commons Imaging,org.apache.commons.imaging.formats.bmp,BmpWriterPalette,0,188,0,18,0,51,0,14,0,5
Apache Commons Imaging,org.apache.commons.imaging.formats.bmp,BmpWriterRgb,0,84,0,6,0,23,0,8,0,5
Apache Commons Imaging,org.apache.commons.imaging.formats.bmp,PixelParserBitFields,92,191,9,16,12,36,9,9,0,4
Apache Commons Imaging,org.apache.commons.imaging.formats.bmp,BmpHeaderInfo.ColorSpace,0,3,0,0,0,1,0,1,0,1
Apache Commons Imaging,org.apache.commons.imaging.formats.bmp,PixelParserRgb,87,234,3,9,9,37,3,8,0,3
Apache Commons Imaging,org.apache.commons.imaging.formats.bmp,BmpImagingParameters,0,3,0,0,0,1,0,1,0,1
Apache Commons Imaging,org.apache.commons.imaging.formats.bmp,BmpHeaderInfo,0,90,0,0,0,31,0,1,0,1
Apache Commons Imaging,org.apache.commons.imaging.formats.bmp,BmpImageContents,0,15,0,0,0,6,0,1,0,1
Apache Commons Imaging,org.apache.commons.imaging.formats.bmp,PixelParserRle,121,207,16,16,22,47,12,11,1,5
Apache Commons Imaging,org.apache.commons.imaging.formats.tiff.photometricinterpreters.floatingpoint,PhotometricInterpreterFloat,15,362,5,37,6,71,5,26,0,10
Apache Commons Imaging,org.apache.commons.imaging.formats.tiff.photometricinterpreters.floatingpoint,PaletteEntryForRange,19,404,7,19,3,56,8,14,1,8
Apache Commons Imaging,org.apache.commons.imaging.formats.tiff.photometricinterpreters.floatingpoint,PaletteEntryForValue,13,82,0,18,2,23,2,15,2,6
Apache Commons Imaging,org.apache.commons.imaging.formats.tiff.fieldtypes,FieldTypeAscii,0,238,0,22,0,46,0,15,0,4
Apache Commons Imaging,org.apache.commons.imaging.formats.tiff.fieldtypes,FieldTypeRational,40,74,2,12,8,17,4,8,2,3
Apache Commons Imaging,org.apache.commons.imaging.formats.tiff.fieldtypes,FieldTypeShort,26,53,3,7,5,13,2,6,0,3
Apache Commons Imaging,org.apache.commons.imaging.formats.tiff.fieldtypes,FieldTypeFloat,73,6,10,0,16,2,7,1,2,1
Apache Commons Imaging,org.apache.commons.imaging.formats.tiff.fieldtypes,FieldTypeByte,0,45,0,6,0,11,0,6,0,3
Apache Commons Imaging,org.apache.commons.imaging.formats.tiff.fieldtypes,FieldTypeDouble,51,19,7,1,10,5,6,2,2,2
Apache Commons Imaging,org.apache.commons.imaging.formats.tiff.fieldtypes,FieldTypeLong,18,53,1,7,4,13,1,6,0,3
Apache Commons Imaging,org.apache.commons.imaging.formats.tiff.fieldtypes,AbstractFieldType,0,326,0,4,0,39,0,8,0,6
Apache Commons Imaging,org.apache.commons.imaging.formats.tiff.fieldtypes,FieldTypeLong8,46,25,6,2,11,6,4,3,1,2
Apache Commons Imaging,org.apache.commons.imaging.formats.jpeg.decoder,Dct,0,1669,0,20,0,229,0,19,0,9
Apache Commons Imaging,org.apache.commons.imaging.formats.jpeg.decoder,YCbCrConverter,0,219,0,28,0,39,0,17,0,3
Apache Commons Imaging,org.apache.commons.imaging.formats.jpeg.decoder,JpegDecoder,91,1701,14,146,12,290,14,87,0,20
Apache Commons Imaging,org.apache.commons.imaging.formats.jpeg.decoder,Block,0,15,0,0,0,5,0,1,0,1
Apache Commons Imaging,org.apache.commons.imaging.formats.jpeg.decoder,ZigZag,17,277,2,2,3,4,2,3,1,2
Apache Commons Imaging,org.apache.commons.imaging.formats.jpeg.decoder,JpegInputStream,26,94,4,12,4,23,3,9,0,4
Apache Commons Imaging,org.apache.commons.imaging,AbstractImageParser,199,293,20,18,41,45,33,23,19,18
Apache Commons Imaging,org.apache.commons.imaging,ImageInfo.CompressionAlgorithm,0,112,0,0,0,9,0,3,0,3
Apache Commons Imaging,org.apache.commons.imaging,ImageFormats,1,312,1,1,0,30,1,5,0,5
Apache Commons Imaging,org.apache.commons.imaging,ImagingFormatException,5,6,0,0,2,2,1,1,1,1
Apache Commons Imaging,org.apache.commons.imaging,FormatCompliance,126,258,7,21,25,46,8,20,3,11
Apache Commons Imaging,org.apache.commons.imaging,ImagingRuntimeException,5,4,0,0,2,2,1,1,1,1
Apache Commons Imaging,org.apache.commons.imaging,ImagingOverflowException,0,4,0,0,0,2,0,1,0,1
Apache Commons Imaging,org.apache.commons.imaging,ImageInfo.ColorType,0,77,0,0,0,6,0,3,0,3
Apache Commons Imaging,org.apache.commons.imaging,ImagingException,4,181,0,20,2,27,1,14,1,4
Apache Commons Imaging,org.apache.commons.imaging,ImagingConstants,0,4,0,0,0,1,0,1,0,1
Apache Commons Imaging,org.apache.commons.imaging,ImageDump,62,102,10,4,11,24,9,8,0,7
Apache Commons Imaging,org.apache.commons.imaging,ImagingParameters,21,20,0,0,7,7,4,6,4,6
Apache Commons Imaging,org.apache.commons.imaging,PixelDensity,124,43,16,4,21,12,21,6,11,6
Apache Commons Imaging,org.apache.commons.imaging,Imaging,164,876,52,86,35,151,57,63,13,38
Apache Commons Imaging,org.apache.commons.imaging,ColorTools,321,0,10,0,62,0,21,0,16,0
Apache Commons Imaging,org.apache.commons.imaging,ImageInfo,5,380,0,4,2,69,1,24,1,22
Apache Commons Imaging,org.apache.commons.imaging.formats.pnm,PpmWriter,28,106,2,6,6,25,2,4,0,2
Apache Commons Imaging,org.apache.commons.imaging.formats.pnm,WhiteSpaceReader,5,90,2,16,1,23,2,12,0,5
Apache Commons Imaging,org.apache.commons.imaging.formats.pnm,PamFileInfo.GrayscaleTupleReader,0,73,0,2,0,11,0,4,0,3
Apache Commons Imaging,org.apache.commons.imaging.formats.pnm,PpmFileInfo,62,125,1,5,10,25,2,11,1,9
Apache Commons Imaging,org.apache.commons.imaging.formats.pnm,PbmFileInfo,37,80,5,7,7,25,4,13,1,10
Apache Commons Imaging,org.apache.commons.imaging.formats.pnm,PbmWriter,154,0,16,0,39,0,10,0,2,0
Apache Commons Imaging,org.apache.commons.imaging.formats.pnm,PamFileInfo.ColorTupleReader,0,99,0,2,0,13,0,4,0,3
Apache Commons Imaging,org.apache.commons.imaging.formats.pnm,PamFileInfo,57,85,5,5,7,24,5,11,1,9
Apache Commons Imaging,org.apache.commons.imaging.formats.pnm,PgmFileInfo,33,108,0,6,4,23,1,12,1,9
Apache Commons Imaging,org.apache.commons.imaging.formats.pnm,PamWriter,0,140,0,4,0,30,0,4,0,2
Apache Commons Imaging,org.apache.commons.imaging.formats.pnm,PgmWriter,116,0,8,0,26,0,6,0,2,0
Apache Commons Imaging,org.apache.commons.imaging.formats.pnm,AbstractFileInfo,45,84,8,10,10,23,6,8,0,5
Apache Commons Imaging,org.apache.commons.imaging.formats.pnm,PnmImagingParameters,14,12,0,0,4,4,2,3,2,3
Apache Commons Imaging,org.apache.commons.imaging.formats.pnm,PnmImageParser,102,492,21,36,26,112,22,34,3,18
Apache Commons Imaging,org.apache.commons.imaging.formats.psd.datareaders,CompressedDataReader,0,129,0,6,0,25,0,5,0,2
Apache Commons Imaging,org.apache.commons.imaging.formats.psd.datareaders,UncompressedDataReader,84,0,6,0,18,0,5,0,2,0
Apache Commons Imaging,org.apache.commons.imaging.formats.jpeg,JpegPhotoshopMetadata,0,37,1,3,0,11,1,3,0,2
Apache Commons Imaging,org.apache.commons.imaging.formats.jpeg,JpegImageParser.new JpegUtils.Visitor() {...},3,36,1,5,2,7,2,5,1,3
Apache Commons Imaging,org.apache.commons.imaging.formats.jpeg,JpegImageMetadata,136,157,29,13,43,43,23,12,4,10
Apache Commons Imaging,org.apache.commons.imaging.formats.jpeg,JpegImageParser,544,1080,159,104,125,218,113,54,5,22
Apache Commons Imaging,org.apache.commons.imaging.formats.jpeg,JpegImageParser.new JpegUtils.Visitor() {...},3,30,1,5,2,7,2,5,1,3
Apache Commons Imaging,org.apache.commons.imaging.formats.jpeg,JpegImageParser.new JpegUtils.Visitor() {...},3,32,2,4,2,7,3,4,1,3
Apache Commons Imaging,org.apache.commons.imaging.formats.jpeg,JpegImageParser.new JpegUtils.Visitor() {...},3,32,1,5,2,7,2,5,1,3
Apache Commons Imaging,org.apache.commons.imaging.formats.jpeg,JpegImageParser.new JpegUtils.Visitor() {...},13,127,4,17,3,22,5,11,1,3
Apache Commons Imaging,org.apache.commons.imaging.formats.jpeg,JpegImagingParameters,0,3,0,0,0,1,0,1,0,1
Apache Commons Imaging,org.apache.commons.imaging.formats.jpeg,JpegUtils.new JpegUtils.Visitor() {...},0,47,0,0,0,7,0,4,0,4
Apache Commons Imaging,org.apache.commons.imaging.formats.jpeg,JpegConstants,0,542,0,0,0,14,0,1,0,1
Apache Commons Imaging,org.apache.commons.imaging.formats.jpeg,JpegUtils,46,166,26,26,23,41,26,20,0,4
Apache Commons Imaging,org.apache.commons.imaging.formats.png.scanlinefilters,ScanlineFilterPaeth,0,105,0,16,0,26,0,11,0,3
Apache Commons Imaging,org.apache.commons.imaging.formats.png.scanlinefilters,ScanlineFilterUp,0,34,0,4,0,6,0,4,0,2
Apache Commons Imaging,org.apache.commons.imaging.formats.png.scanlinefilters,ScanlineFilterAverage,0,57,0,6,0,14,0,5,0,2
Apache Commons Imaging,org.apache.commons.imaging.formats.png.scanlinefilters,ScanlineFilterNone,0,11,0,0,0,3,0,2,0,2
Apache Commons Imaging,org.apache.commons.imaging.formats.png.scanlinefilters,ScanlineFilterSub,0,42,0,4,0,9,0,4,0,2
Apache Commons Imaging,org.apache.commons.imaging.formats.xpm,XpmImagingParameters,0,3,0,0,0,1,0,1,0,1
Apache Commons Imaging,org.apache.commons.imaging.formats.xpm,XpmImageParser.XpmHeader,89,35,4,0,10,12,3,1,1,1
Apache Commons Imaging,org.apache.commons.imaging.formats.xpm,XpmImageParser,472,1646,68,109,87,262,63,54,3,24
Apache Commons Imaging,org.apache.commons.imaging.formats.xpm,XpmImageParser.PaletteEntry,20,6,7,1,7,2,4,1,0,1
Apache Commons Imaging,org.apache.commons.imaging.palette,ColorGroupCut,0,30,0,2,0,10,0,3,0,2
Apache Commons Imaging,org.apache.commons.imaging.palette,ColorSpaceSubset.RgbComparator,0,9,0,0,0,2,0,2,0,2
Apache Commons Imaging,org.apache.commons.imaging.palette,ColorComponent,0,46,0,0,0,6,0,3,0,3
Apache Commons Imaging,org.apache.commons.imaging.palette,QuantizedPalette,2,171,1,9,0,19,1,9,0,5
Apache Commons Imaging,org.apache.commons.imaging.palette,ColorCountComparator,2,39,1,4,1,8,1,5,0,2
Apache Commons Imaging,org.apache.commons.imaging.palette,MedianCutQuantizer,26,295,6,24,5,57,6,13,0,4
Apache Commons Imaging,org.apache.commons.imaging.palette,MedianCutPalette,0,22,0,2,0,7,0,3,0,2
Apache Commons Imaging,org.apache.commons.imaging.palette,MostPopulatedBoxesMedianCut,32,270,15,22,12,57,15,7,0,2
Apache Commons Imaging,org.apache.commons.imaging.palette,SimplePalette,0,39,0,4,0,9,0,6,0,4
Apache Commons Imaging,org.apache.commons.imaging.palette,ColorGroup,140,300,19,11,18,51,12,8,2,3
Apache Commons Imaging,org.apache.commons.imaging.palette,Dithering,0,313,0,28,0,56,0,16,0,2
Apache Commons Imaging,org.apache.commons.imaging.palette,ColorCount,20,34,4,0,5,7,4,1,2,1
Apache Commons Imaging,org.apache.commons.imaging.palette,PaletteFactory.DivisionCandidate,0,9,0,0,0,4,0,1,0,1
Apache Commons Imaging,org.apache.commons.imaging.palette,ColorSpaceSubset,426,218,12,6,37,38,10,9,4,6
Apache Commons Imaging,org.apache.commons.imaging.palette,PaletteFactory,411,762,47,87,73,162,31,53,3,14
Apache Commons Imaging,org.apache.commons.imaging.palette,LongestAxisMedianCut,41,224,11,22,8,47,10,13,0,5
Apache Commons Imaging,org.apache.commons.imaging.formats.tiff.constants,GdalLibraryTagConstants,0,30,0,0,0,4,0,1,0,1
Apache Commons Imaging,org.apache.commons.imaging.formats.tiff.constants,TiffDirectoryType,24,110,4,0,4,24,3,3,1,3
Apache Commons Imaging,org.apache.commons.imaging.formats.tiff.constants,AdobePageMaker6TagConstants,0,87,0,0,0,8,0,1,0,1
Apache Commons Imaging,org.apache.commons.imaging.formats.tiff.constants,MicrosoftTagConstants,0,83,0,0,0,8,0,1,0,1
Apache Commons Imaging,org.apache.commons.imaging.formats.tiff.constants,AdobePhotoshopTagConstants,0,30,0,0,0,4,0,1,0,1
Apache Commons Imaging,org.apache.commons.imaging.formats.tiff.constants,TiffEpTagConstants,0,227,0,0,0,20,0,1,0,1
Apache Commons Imaging,org.apache.commons.imaging.formats.tiff.constants,DcfTagConstants,0,53,0,0,0,6,0,1,0,1
Apache Commons Imaging,org.apache.commons.imaging.formats.tiff.constants,GeoTiffTagConstants,0,90,0,0,0,9,0,1,0,1
Apache Commons Imaging,org.apache.commons.imaging.formats.tiff.constants,AliasSketchbookProTagConstants,0,18,0,0,0,2,0,1,0,1
Apache Commons Imaging,org.apache.commons.imaging.formats.tiff.constants,TiffConstants,0,3,0,0,0,1,0,1,0,1
Apache Commons Imaging,org.apache.commons.imaging.formats.tiff.constants,WangTagConstants,0,18,0,0,0,2,0,1,0,1
Apache Commons Imaging,org.apache.commons.imaging.formats.tiff.constants,TiffPlanarConfiguration,2,31,1,2,1,9,1,4,0,3
Apache Commons Imaging,org.apache.commons.imaging.formats.tiff.constants,MicrosoftHdPhotoTagConstants,0,408,0,0,0,73,0,2,0,2
Apache Commons Imaging,org.apache.commons.imaging.formats.tiff.constants,Tiff4TagConstants,0,17,0,0,0,2,0,1,0,1
Apache Commons Imaging,org.apache.commons.imaging.formats.tiff.constants,ExifTagConstants,0,1573,0,0,0,136,0,1,0,1
Apache Commons Imaging,org.apache.commons.imaging.formats.tiff.constants,DngTagConstants,0,937,0,0,0,80,0,1,0,1
Apache Commons Imaging,org.apache.commons.imaging.formats.tiff.constants,OceScanjobTagConstants,0,54,0,0,0,5,0,1,0,1
Apache Commons Imaging,org.apache.commons.imaging.formats.tiff.constants,TiffTagConstants,0,892,0,0,0,77,0,1,0,1
Apache Commons Imaging,org.apache.commons.imaging.formats.tiff.constants,Rfc2301TagConstants,0,156,0,0,0,14,0,1,0,1
Apache Commons Imaging,org.apache.commons.imaging.formats.tiff.constants,MolecularDynamicsGelTagConstants,0,100,0,0,0,10,0,1,0,1
Apache Commons Imaging,org.apache.commons.imaging.formats.tiff.constants,GpsTagConstants,0,401,0,0,0,35,0,2,0,2
Apache Commons Imaging,org.apache.commons.imaging.formats.tiff.constants,HylaFaxTagConstants,0,52,0,0,0,6,0,1,0,1
Apache Commons Imaging,org.apache.commons.imaging.icc,IccTag,37,253,1,7,8,27,2,8,1,5
Apache Commons Imaging,org.apache.commons.imaging.icc,IccTagDataTypes,0,64,0,0,0,13,0,4,0,4
Apache Commons Imaging,org.apache.commons.imaging.icc,CachingInputStream,8,25,0,0,3,8,2,3,2,3
Apache Commons Imaging,org.apache.commons.imaging.icc,IccProfileParser,151,365,27,21,36,60,27,10,6,7
Apache Commons Imaging,org.apache.commons.imaging.icc,IccTagTypes,6,353,0,0,2,44,2,3,2,3
Apache Commons Imaging,org.apache.commons.imaging.icc,IccProfileInfo,13,346,1,5,4,47,3,10,2,8
Apache Commons Imaging,org.apache.commons.imaging.icc,IccTagDataTypes.new IccTagDataTypes() {...},0,51,0,0,0,7,0,2,0,2
Apache Commons Imaging,org.apache.commons.imaging.icc,IccTagDataTypes.new IccTagDataTypes() {...},84,8,0,0,6,1,1,1,1,1
Apache Commons Imaging,org.apache.commons.imaging.icc,IccTagDataTypes.new IccTagDataTypes() {...},12,8,0,0,3,1,1,1,1,1
Apache Commons Imaging,org.apache.commons.imaging.icc,IccTagDataTypes.new IccTagDataTypes() {...},12,8,0,0,3,1,1,1,1,1
Apache Commons Imaging,org.apache.commons.imaging.icc,IccTagDataTypes.new IccTagDataTypes() {...},0,56,0,0,0,8,0,2,0,2
Apache Commons Imaging,org.apache.commons.imaging.formats.icns,Rle24Compression,0,107,1,13,0,23,1,7,0,1
Apache Commons Imaging,org.apache.commons.imaging.formats.icns,IcnsImageParser,270,214,31,7,43,42,24,13,6,12
Apache Commons Imaging,org.apache.commons.imaging.formats.icns,IcnsImagingParameters,3,0,0,0,1,0,1,0,1,0
Apache Commons Imaging,org.apache.commons.imaging.formats.icns,IcnsImageParser.IcnsContents,0,9,0,0,0,4,0,1,0,1
Apache Commons Imaging,org.apache.commons.imaging.formats.icns,IcnsType,129,667,14,16,17,42,13,16,3,11
Apache Commons Imaging,org.apache.commons.imaging.formats.icns,IcnsImageParser.IcnsHeader,38,9,0,0,5,4,1,1,1,1
Apache Commons Imaging,org.apache.commons.imaging.formats.icns,IcnsDecoder,95,1636,24,77,18,109,21,41,1,9
Apache Commons Imaging,org.apache.commons.imaging.formats.icns,IcnsImageParser.IcnsElement,59,16,2,0,9,6,2,2,1,2
Apache Commons Imaging,org.apache.commons.imaging.formats.png,BitParser,56,90,3,7,7,19,3,5,0,3
Apache Commons Imaging,org.apache.commons.imaging.formats.png,ScanExpediterInterlaced,260,0,8,0,32,0,8,0,4,0
Apache Commons Imaging,org.apache.commons.imaging.formats.png,PngImagingParameters,14,59,0,2,4,16,2,12,2,11
Apache Commons Imaging,org.apache.commons.imaging.formats.png,PngWriter,268,1004,20,82,38,226,20,49,2,16
Apache Commons Imaging,org.apache.commons.imaging.formats.png,PngColorType,3,199,2,10,1,26,2,13,0,9
Apache Commons Imaging,org.apache.commons.imaging.formats.png,AbstractPngText,0,9,0,0,0,4,0,1,0,1
Apache Commons Imaging,org.apache.commons.imaging.formats.png,AbstractPngText.Ztxt,0,5,0,0,0,2,0,1,0,1
Apache Commons Imaging,org.apache.commons.imaging.formats.png,PngImageInfo,0,36,0,0,0,6,0,3,0,3
Apache Commons Imaging,org.apache.commons.imaging.formats.png,AbstractPngText.Itxt,0,11,0,0,0,4,0,1,0,1
Apache Commons Imaging,org.apache.commons.imaging.formats.png,AbstractPngText.Text,0,5,0,0,0,2,0,1,0,1
Apache Commons Imaging,org.apache.commons.imaging.formats.png,InterlaceMethod,0,28,0,0,0,6,0,3,0,3
Apache Commons Imaging,org.apache.commons.imaging.formats.png,PngConstants,0,39,0,0,0,1,0,1,0,1
Apache Commons Imaging,org.apache.commons.imaging.formats.png,PngWriter.ImageHeader,0,24,0,0,0,9,0,1,0,1
Apache Commons Imaging,org.apache.commons.imaging.formats.png,GammaCorrection,37,108,2,4,3,18,2,6,0,5
Apache Commons Imaging,org.apache.commons.imaging.formats.png,PngImageMetadata,87,27,5,1,23,9,7,5,4,5
Apache Commons Imaging,org.apache.commons.imaging.formats.png,ScanExpediterSimple,0,73,0,4,0,13,0,4,0,2
Apache Commons Imaging,org.apache.commons.imaging.formats.png,FilterType,0,33,0,0,0,2,0,1,0,1
Apache Commons Imaging,org.apache.commons.imaging.formats.png,PngImageParser,538,1073,64,96,101,218,55,53,8,18
Apache Commons Imaging,org.apache.commons.imaging.formats.png,Extension,0,15,0,0,0,3,0,1,0,1
Apache Commons Imaging,org.apache.commons.imaging.formats.png,PhysicalScale,0,53,0,4,0,12,0,10,0,8
Apache Commons Imaging,org.apache.commons.imaging.formats.png,ChunkType,2,275,2,6,1,47,2,9,0,7
Apache Commons Imaging,org.apache.commons.imaging.formats.png,AbstractScanExpediter,57,316,7,25,9,68,7,21,0,8
Apache Commons Imaging,org.apache.commons.imaging.formats.png,PngCrc,0,106,0,10,0,21,0,12,0,7
Apache Commons Imaging,org.apache.commons.imaging.formats.tiff.photometricinterpreters,PhotometricInterpreterCieLab,33,0,0,0,8,0,2,0,2,0
Apache Commons Imaging,org.apache.commons.imaging.formats.tiff.photometricinterpreters,PhotometricInterpreterRgb,0,42,0,0,0,9,0,2,0,2
Apache Commons Imaging,org.apache.commons.imaging.formats.tiff.photometricinterpreters,PhotometricInterpreter,0,26,0,0,0,8,0,2,0,2
Apache Commons Imaging,org.apache.commons.imaging.formats.tiff.photometricinterpreters,PhotometricInterpreterYCbCr,178,8,0,0,22,2,3,1,3,1
Apache Commons Imaging,org.apache.commons.imaging.formats.tiff.photometricinterpreters,PhotometricInterpreterLogLuv.RgbValues,0,3,0,0,0,1,0,1,0,1
Apache Commons Imaging,org.apache.commons.imaging.formats.tiff.photometricinterpreters,PhotometricInterpreterLogLuv.TristimulusValues,0,3,0,0,0,1,0,1,0,1
Apache Commons Imaging,org.apache.commons.imaging.formats.tiff.photometricinterpreters,PhotometricInterpreterLogLuv,0,330,0,16,0,59,0,12,0,4
Apache Commons Imaging,org.apache.commons.imaging.formats.tiff.photometricinterpreters,PhotometricInterpreterCmyk,0,36,0,0,0,9,0,2,0,2
Apache Commons Imaging,org.apache.commons.imaging.formats.tiff.photometricinterpreters,PhotometricInterpreterBiLevel,0,50,0,2,0,13,0,3,0,2
Apache Commons Imaging,org.apache.commons.imaging.formats.tiff.photometricinterpreters,PhotometricInterpreterPalette,14,138,0,4,4,22,0,5,0,3
